{
  "mse": 0.0005000119924911165,
  "ssim": 0.1255722485837482,
  "msssim": 0.04459643661975861
}