{
  "mse": 0.0006234442571266776,
  "ssim": 0.12797974532558803,
  "msssim": 0.046184202744847254
}